title,price,rating,stock,category,source
A Light in the Attic,51.77,3,22,Poetry,BooksToScrape
Tipping the Velvet,53.74,1,20,Historical Fiction,BooksToScrape
Soumission,50.1,1,20,Fiction,BooksToScrape
Sharp Objects,47.82,4,20,Mystery,BooksToScrape
Sapiens: A Brief History of Humankind,54.23,5,20,History,BooksToScrape
The Requiem Red,22.65,1,19,Young Adult,BooksToScrape
The Dirty Little Secrets of Getting Your Dream Job,33.34,4,19,Business,BooksToScrape
"The Coming Woman: A Novel Based on the Life of the Infamous Feminist, Victoria Woodhull",17.93,3,19,Default,BooksToScrape
The Boys in the Boat: Nine Americans and Their Epic Quest for Gold at the 1936 Berlin Olympics,22.6,4,19,Default,BooksToScrape
The Black Maria,52.15,1,19,Poetry,BooksToScrape
"Starving Hearts (Triangular Trade Trilogy, #1)",13.99,2,19,Default,BooksToScrape
Shakespeare's Sonnets,20.66,4,19,Poetry,BooksToScrape
Set Me Free,17.46,5,19,Young Adult,BooksToScrape
Scott Pilgrim's Precious Little Life (Scott Pilgrim #1),52.29,5,19,Sequential Art,BooksToScrape
Rip it Up and Start Again,35.02,5,19,Music,BooksToScrape
"Our Band Could Be Your Life: Scenes from the American Indie Underground, 1981-1991",57.25,3,19,Music,BooksToScrape
Olio,23.88,1,19,Poetry,BooksToScrape
Mesaerion: The Best Science Fiction Stories 1800-1849,37.59,1,19,Science Fiction,BooksToScrape
Libertarianism for Beginners,51.33,2,19,Politics,BooksToScrape
It's Only the Himalayas,45.17,2,19,Travel,BooksToScrape
In Her Wake,12.84,1,19,Thriller,BooksToScrape
How Music Works,37.32,2,19,Music,BooksToScrape
"Foolproof Preserving: A Guide to Small Batch Jams, Jellies, Pickles, Condiments, and More: A Foolproof Guide to Making Small Batch Jams, Jellies, Pickles, Condiments, and More",30.52,3,19,Food and Drink,BooksToScrape
Chase Me (Paris Nights #2),25.27,5,19,Romance,BooksToScrape
Black Dust,34.53,5,19,Romance,BooksToScrape
Birdsong: A Story in Pictures,54.64,3,19,Childrens,BooksToScrape
America's Cradle of Quarterbacks: Western Pennsylvania's Football Factory from Johnny Unitas to Joe Montana,22.5,3,19,Default,BooksToScrape
Aladdin and His Wonderful Lamp,53.13,3,19,Default,BooksToScrape
Worlds Elsewhere: Journeys Around Shakespeareâs Globe,40.3,5,18,Nonfiction,BooksToScrape
Wall and Piece,44.18,4,18,Art,BooksToScrape
The Four Agreements: A Practical Guide to Personal Freedom,17.66,5,18,Spirituality,BooksToScrape
The Five Love Languages: How to Express Heartfelt Commitment to Your Mate,31.05,3,18,Nonfiction,BooksToScrape
The Elephant Tree,23.82,5,18,Thriller,BooksToScrape
The Bear and the Piano,36.89,1,18,Childrens,BooksToScrape
Sophie's World,15.94,5,18,Philosophy,BooksToScrape
Penny Maybe,33.29,3,18,Default,BooksToScrape
Maude (1883-1993):She Grew Up with the country,18.02,2,18,Default,BooksToScrape
"In a Dark, Dark Wood",19.63,1,18,Mystery,BooksToScrape
Behind Closed Doors,52.22,4,18,Thriller,BooksToScrape
You can't bury them all: Poems,33.63,2,17,Poetry,BooksToScrape
Slow States of Collapse: Poems,57.31,3,17,Poetry,BooksToScrape
Reasons to Stay Alive,26.41,2,17,Nonfiction,BooksToScrape
Private Paris (Private #10),47.61,5,17,Fiction,BooksToScrape
#HigherSelfie: Wake Up Your Life. Free Your Soul. Find Your Tribe.,23.11,5,17,Nonfiction,BooksToScrape
Without Borders (Wanderlove #1),45.07,2,16,New Adult,BooksToScrape
When We Collided,31.77,1,16,Contemporary,BooksToScrape
"We Love You, Charlie Freeman",50.27,5,16,Fiction,BooksToScrape
Untitled Collection: Sabbath Poems 2014,14.27,4,16,Poetry,BooksToScrape
"Unseen City: The Majesty of Pigeons, the Discreet Charm of Snails & Other Wonders of the Urban Wilderness",44.18,4,16,Nonfiction,BooksToScrape
Unicorn Tracks,18.78,3,16,Fantasy,BooksToScrape
"Unbound: How Eight Technologies Made Us Human, Transformed Society, and Brought Our World to the Brink",25.52,1,16,History,BooksToScrape
Tsubasa: WoRLD CHRoNiCLE 2 (Tsubasa WoRLD CHRoNiCLE #2),16.28,1,16,Sequential Art,BooksToScrape
Throwing Rocks at the Google Bus: How Growth Became the Enemy of Prosperity,31.12,3,16,Nonfiction,BooksToScrape
This One Summer,19.49,4,16,Sequential Art,BooksToScrape
Thirst,17.27,5,16,Fiction,BooksToScrape
The Torch Is Passed: A Harding Family Story,19.09,1,16,Add a comment,BooksToScrape
The Secret of Dreadwillow Carse,56.13,1,16,Childrens,BooksToScrape
"The Pioneer Woman Cooks: Dinnertime: Comfort Classics, Freezer Food, 16-Minute Meals, and Other Delicious Ways to Solve Supper!",56.41,1,16,Food and Drink,BooksToScrape
The Past Never Ends,56.5,4,16,Mystery,BooksToScrape
The Natural History of Us (The Fine Art of Pretending #2),45.22,3,16,Young Adult,BooksToScrape
The Nameless City (The Nameless City #1),38.16,4,16,Sequential Art,BooksToScrape
The Murder That Never Was (Forensic Instincts #5),54.11,3,16,Fiction,BooksToScrape
The Most Perfect Thing: Inside (and Outside) a Bird's Egg,42.96,4,16,Science,BooksToScrape
"The Mindfulness and Acceptance Workbook for Anxiety: A Guide to Breaking Free from Anxiety, Phobias, and Worry Using Acceptance and Commitment Therapy",23.89,4,16,Add a comment,BooksToScrape
The Life-Changing Magic of Tidying Up: The Japanese Art of Decluttering and Organizing,16.77,3,16,Nonfiction,BooksToScrape
"The Inefficiency Assassin: Time Management Tactics for Working Smarter, Not Longer",20.59,5,16,Default,BooksToScrape
The Gutsy Girl: Escapades for Your Life of Epic Adventure,37.13,1,16,Nonfiction,BooksToScrape
The Electric Pencil: Drawings from Inside State Hospital No. 3,56.06,1,16,Nonfiction,BooksToScrape
The Death of Humanity: and the Case for Life,58.11,4,16,Philosophy,BooksToScrape
"The Bulletproof Diet: Lose up to a Pound a Day, Reclaim Energy and Focus, Upgrade Your Life",49.05,3,16,Health,BooksToScrape
The Art Forger,40.76,3,16,Add a comment,BooksToScrape
The Age of Genius: The Seventeenth Century and the Birth of the Modern Mind,19.73,1,16,History,BooksToScrape
The Activist's Tao Te Ching: Ancient Advice for a Modern Revolution,32.24,5,16,Spirituality,BooksToScrape
Spark Joy: An Illustrated Master Class on the Art of Organizing and Tidying Up,41.83,4,16,Nonfiction,BooksToScrape
Soul Reader,39.58,2,16,Default,BooksToScrape
Security,39.25,2,16,Horror,BooksToScrape
"Saga, Volume 6 (Saga (Collected Editions) #6)",25.02,3,16,Fantasy,BooksToScrape
"Saga, Volume 5 (Saga (Collected Editions) #5)",51.04,2,16,Sequential Art,BooksToScrape
Reskilling America: Learning to Labor in the Twenty-First Century,19.83,2,16,Nonfiction,BooksToScrape
"Rat Queens, Vol. 3: Demons (Rat Queens (Collected Editions) #11-15)",50.4,3,16,Sequential Art,BooksToScrape
"Princess Jellyfish 2-in-1 Omnibus, Vol. 01 (Princess Jellyfish 2-in-1 Omnibus #1)",13.61,5,16,Sequential Art,BooksToScrape
Princess Between Worlds (Wide-Awake Princess #5),13.34,5,16,Fantasy,BooksToScrape
"Pop Gun War, Volume 1: Gift",18.97,1,16,Sequential Art,BooksToScrape
"Political Suicide: Missteps, Peccadilloes, Bad Calls, Backroom Hijinx, Sordid Pasts, Rotten Breaks, and Just Plain Dumb Mistakes in the Annals of American Politics",36.28,2,16,History,BooksToScrape
Patience,10.16,3,16,Sequential Art,BooksToScrape
"Outcast, Vol. 1: A Darkness Surrounds Him (Outcast #1)",15.44,4,16,Sequential Art,BooksToScrape
orange: The Complete Collection 1 (orange: The Complete Collection #1),48.41,1,16,Sequential Art,BooksToScrape
Online Marketing for Busy Authors: A Step-By-Step Guide,46.35,1,16,Self Help,BooksToScrape
On a Midnight Clear,14.07,3,16,Add a comment,BooksToScrape
Obsidian (Lux #1),14.86,2,16,Young Adult,BooksToScrape
My Paris Kitchen: Recipes and Stories,33.37,2,16,Food and Drink,BooksToScrape
Masks and Shadows,56.4,2,16,Fantasy,BooksToScrape
"Mama Tried: Traditional Italian Cooking for the Screwed, Crude, Vegan, and Tattooed",14.02,4,16,Food and Drink,BooksToScrape
"Lumberjanes, Vol. 2: Friendship to the Max (Lumberjanes #5-8)",46.91,2,16,Sequential Art,BooksToScrape
"Lumberjanes, Vol. 1: Beware the Kitten Holy (Lumberjanes #1-4)",45.61,3,16,Sequential Art,BooksToScrape
Lumberjanes Vol. 3: A Terrible Plan (Lumberjanes #9-12),19.92,2,16,Sequential Art,BooksToScrape
"Layered: Baking, Building, and Styling Spectacular Cakes",40.11,1,16,Food and Drink,BooksToScrape
Judo: Seven Steps to Black Belt (an Introductory Guide for Beginners),53.9,2,16,Add a comment,BooksToScrape
Join,35.67,5,16,Science Fiction,BooksToScrape
In the Country We Love: My Family Divided,22.0,4,16,Nonfiction,BooksToScrape
Immunity: How Elie Metchnikoff Changed the Course of Modern Medicine,57.36,5,16,Science,BooksToScrape
"I Hate Fairyland, Vol. 1: Madly Ever After (I Hate Fairyland (Compilations) #1-5)",29.17,2,16,Sequential Art,BooksToScrape
I am a Hero Omnibus Volume 1,54.63,3,16,Sequential Art,BooksToScrape
How to Be Miserable: 40 Strategies You Already Use,46.03,1,16,Self Help,BooksToScrape
Her Backup Boyfriend (The Sorensen Family #1),33.97,1,16,Romance,BooksToScrape
"Giant Days, Vol. 2 (Giant Days #5-8)",22.11,2,16,Sequential Art,BooksToScrape
Forever and Forever: The Courtship of Henry Longfellow and Fanny Appleton,29.69,3,16,Historical Fiction,BooksToScrape
First and First (Five Boroughs #3),15.97,4,16,Romance,BooksToScrape
Fifty Shades Darker (Fifty Shades #2),21.96,1,16,Romance,BooksToScrape
Everydata: The Misinformation Hidden in the Little Data You Consume Every Day,54.35,2,16,Nonfiction,BooksToScrape
"Don't Be a Jerk: And Other Practical Advice from Dogen, Japan's Greatest Zen Master",37.97,2,16,Religion,BooksToScrape
Danganronpa Volume 1,51.99,4,16,Sequential Art,BooksToScrape
Crown of Midnight (Throne of Glass #2),43.29,3,16,Fantasy,BooksToScrape
"Codename Baboushka, Volume 1: The Conclave of Death",36.72,4,16,Sequential Art,BooksToScrape
Camp Midnight,17.08,4,16,Sequential Art,BooksToScrape
Call the Nurse: True Stories of a Country Nurse on a Scottish Isle,29.14,5,16,Nonfiction,BooksToScrape
Burning,28.81,3,16,Young Adult,BooksToScrape
Bossypants,49.46,2,16,Default,BooksToScrape
"Bitch Planet, Vol. 1: Extraordinary Machine (Bitch Planet (Collected Editions))",37.92,2,16,Sequential Art,BooksToScrape
"Avatar: The Last Airbender: Smoke and Shadow, Part 3 (Smoke and Shadow #3)",28.09,2,16,Fantasy,BooksToScrape
Algorithms to Live By: The Computer Science of Human Decisions,30.81,1,16,Nonfiction,BooksToScrape
A World of Flavor: Your Gluten Free Passport,42.95,1,16,Default,BooksToScrape
"A Piece of Sky, a Grain of Rice: A Memoir in Four Meditations",56.76,5,16,Default,BooksToScrape
A Murder in Time,16.64,1,16,Mystery,BooksToScrape
A Flight of Arrows (The Pathfinders #2),55.53,5,16,Historical Fiction,BooksToScrape
A Fierce and Subtle Poison,28.13,4,16,Young Adult,BooksToScrape
A Court of Thorns and Roses (A Court of Thorns and Roses #1),52.37,1,16,Fantasy,BooksToScrape
(Un)Qualified: How God Uses Broken People to Do Big Things,54.0,5,16,Christian,BooksToScrape
You Are What You Love: The Spiritual Power of Habit,21.87,4,15,Religion,BooksToScrape
"William Shakespeare's Star Wars: Verily, A New Hope (William Shakespeare's Star Wars #4)",43.3,4,15,Science Fiction,BooksToScrape
Tuesday Nights in 1980,21.04,2,15,Fiction,BooksToScrape
Tracing Numbers on a Train,41.6,3,15,Default,BooksToScrape
Throne of Glass (Throne of Glass #1),35.07,3,15,Fantasy,BooksToScrape
Thomas Jefferson and the Tripoli Pirates: The Forgotten War That Changed American History,59.64,1,15,History,BooksToScrape
Thirteen Reasons Why,52.72,1,15,Default,BooksToScrape
The White Cat and the Monk: A Retelling of the Poem âPangur BÃ¡nâ,58.08,4,15,Childrens,BooksToScrape
The Wedding Dress,24.12,1,15,Romance,BooksToScrape
The Vacationers,42.15,4,15,Fiction,BooksToScrape
The Third Wave: An Entrepreneurâs Vision of the Future,12.61,5,15,Business,BooksToScrape
The Stranger,17.44,4,15,Philosophy,BooksToScrape
The Shadow Hero (The Shadow Hero),33.14,1,15,Sequential Art,BooksToScrape
The Secret (The Secret #1),27.37,4,15,Default,BooksToScrape
The Regional Office Is Under Attack!,51.36,5,15,Fiction,BooksToScrape
The Psychopath Test: A Journey Through the Madness Industry,36.0,2,15,Default,BooksToScrape
The Project,10.65,1,15,Science Fiction,BooksToScrape
The Power of Now: A Guide to Spiritual Enlightenment,43.54,2,15,Nonfiction,BooksToScrape
The Omnivore's Dilemma: A Natural History of Four Meals,38.21,2,15,Nonfiction,BooksToScrape
The Nerdy Nummies Cookbook: Sweet Treats for the Geek in All of Us,37.34,5,15,Food and Drink,BooksToScrape
The Murder of Roger Ackroyd (Hercule Poirot #4),44.1,4,15,Mystery,BooksToScrape
The Mistake (Off-Campus #2),43.29,3,15,New Adult,BooksToScrape
The Matchmaker's Playbook (Wingmen Inc. #1),55.85,1,15,New Adult,BooksToScrape
The Love and Lemons Cookbook: An Apple-to-Zucchini Celebration of Impromptu Cooking,37.6,2,15,Food and Drink,BooksToScrape
The Long Shadow of Small Ghosts: Murder and Memory in an American City,10.97,1,15,Crime,BooksToScrape
The Kite Runner,41.82,4,15,Default,BooksToScrape
The House by the Lake,36.95,1,15,Historical Fiction,BooksToScrape
The Glittering Court (The Glittering Court #1),44.28,1,15,Fantasy,BooksToScrape
The Girl on the Train,55.02,2,15,Default,BooksToScrape
The Genius of Birds,17.24,1,15,Nonfiction,BooksToScrape
The Emerald Mystery,23.15,2,15,Default,BooksToScrape
The Cookies & Cups Cookbook: 125+ sweet & savory recipes reminding you to Always Eat Dessert First,41.25,1,15,Food and Drink,BooksToScrape
The Bridge to Consciousness: I'm Writing the Bridge Between Science and Our Old and New Beliefs.,32.0,3,15,Default,BooksToScrape
The Artist's Way: A Spiritual Path to Higher Creativity,38.49,5,15,Nonfiction,BooksToScrape
The Art of War,33.34,5,15,Default,BooksToScrape
The Argonauts,10.93,2,15,Autobiography,BooksToScrape
The 10% Entrepreneur: Live Your Startup Dream Without Quitting Your Day Job,27.55,3,15,Business,BooksToScrape
Suddenly in Love (Lake Haven #1),55.99,2,15,Romance,BooksToScrape
Something More Than This,16.24,4,15,Romance,BooksToScrape
Soft Apocalypse,26.12,2,15,Science Fiction,BooksToScrape
So You've Been Publicly Shamed,12.23,2,15,Nonfiction,BooksToScrape
Shoe Dog: A Memoir by the Creator of NIKE,23.99,2,15,Business,BooksToScrape
"Shobu Samurai, Project Aryoku (#3)",29.06,3,15,Add a comment,BooksToScrape
Secrets and Lace (Fatal Hearts #1),20.27,1,15,Default,BooksToScrape
Scarlett Epstein Hates It Here,43.55,5,15,Young Adult,BooksToScrape
Romero and Juliet: A Tragic Tale of Love and Zombies,36.94,1,15,Default,BooksToScrape
Redeeming Love,20.47,5,15,Christian Fiction,BooksToScrape
Poses for Artists Volume 1 - Dynamic and Sitting Poses: An Essential Reference for Figure Drawing and the Human Form,41.06,1,15,Default,BooksToScrape
Poems That Make Grown Women Cry,14.19,4,15,Poetry,BooksToScrape
"Nightingale, Sing",38.28,1,15,Young Adult,BooksToScrape
Night Sky with Exit Wounds,41.05,1,15,Poetry,BooksToScrape
Mrs. Houdini,30.25,5,15,Historical Fiction,BooksToScrape
Modern Romance,28.26,5,15,Add a comment,BooksToScrape
Miss Peregrineâs Home for Peculiar Children (Miss Peregrineâs Peculiar Children #1),10.76,1,15,Default,BooksToScrape
Louisa: The Extraordinary Life of Mrs. Adams,16.85,2,15,Biography,BooksToScrape
Little Red,13.47,3,15,Childrens,BooksToScrape
Library of Souls (Miss Peregrineâs Peculiar Children #3),48.56,5,15,Young Adult,BooksToScrape
Large Print Heart of the Pride,19.15,2,15,Default,BooksToScrape
I Had a Nice Time And Other Lies...: How to find love & sh*t like that,57.36,4,15,Womens Fiction,BooksToScrape
Hollow City (Miss Peregrineâs Peculiar Children #2),42.98,1,15,Fantasy,BooksToScrape
Grumbles,22.16,2,15,Default,BooksToScrape
Full Moon over Noahâs Ark: An Odyssey to Mount Ararat and Beyond,49.43,4,15,Travel,BooksToScrape
Frostbite (Vampire Academy #2),29.99,5,15,Young Adult,BooksToScrape
Follow You Home,21.36,1,15,Horror,BooksToScrape
First Steps for New Christians (Print Edition),29.0,1,15,Default,BooksToScrape
Finders Keepers (Bill Hodges Trilogy #2),53.53,5,15,Fiction,BooksToScrape
"Fables, Vol. 1: Legends in Exile (Fables #1)",41.62,4,15,Sequential Art,BooksToScrape
Eureka Trivia 6.0,54.59,4,15,Default,BooksToScrape
Drive: The Surprising Truth About What Motivates Us,34.95,4,15,Default,BooksToScrape
Done Rubbed Out (Reightman & Bailey #1),37.72,5,15,Default,BooksToScrape
Doing It Over (Most Likely To #1),35.61,3,15,Romance,BooksToScrape
"Deliciously Ella Every Day: Quick and Easy Recipes for Gluten-Free Snacks, Packed Lunches, and Simple Meals",42.16,3,15,Food and Drink,BooksToScrape
Dark Notes,19.19,5,15,Erotica,BooksToScrape
"Daring Greatly: How the Courage to Be Vulnerable Transforms the Way We Live, Love, Parent, and Lead",19.43,3,15,Nonfiction,BooksToScrape
Close to You,49.46,4,15,Christian Fiction,BooksToScrape
Chasing Heaven: What Dying Taught Me About Living,37.8,2,15,Spirituality,BooksToScrape
Big Magic: Creative Living Beyond Fear,30.8,3,15,Nonfiction,BooksToScrape
Becoming Wise: An Inquiry into the Mystery and Art of Living,27.43,2,15,Nonfiction,BooksToScrape
Beauty Restored (Riley Family Legacy Novellas #3),11.11,2,15,Default,BooksToScrape
Batman: The Long Halloween (Batman),36.5,2,15,Sequential Art,BooksToScrape
Batman: The Dark Knight Returns (Batman),15.38,5,15,Sequential Art,BooksToScrape
Ayumi's Violin,15.48,2,15,Default,BooksToScrape
Anonymous,46.82,4,15,Default,BooksToScrape
Amy Meets the Saints and Sages,18.46,3,15,Default,BooksToScrape
Amid the Chaos,36.58,1,15,Cultural,BooksToScrape
Amatus,50.54,5,15,Default,BooksToScrape
Agnostic: A Spirited Manifesto,12.51,5,15,Nonfiction,BooksToScrape
Zealot: The Life and Times of Jesus of Nazareth,24.7,3,14,History,BooksToScrape
You (You #1),43.61,5,14,Thriller,BooksToScrape
"Wonder Woman: Earth One, Volume One (Wonder Woman: Earth One #1)",37.34,4,14,Sequential Art,BooksToScrape
Wild Swans,14.36,2,14,Young Adult,BooksToScrape
Why the Right Went Wrong: Conservatism--From Goldwater to the Tea Party and Beyond,52.65,4,14,Politics,BooksToScrape
Whole Lotta Creativity Going On: 60 Fun and Unusual Exercises to Awaken and Strengthen Your Creativity,38.2,4,14,Nonfiction,BooksToScrape
What's It Like in Space?: Stories from Astronauts Who've Been There,19.6,2,14,Nonfiction,BooksToScrape
"We Are Robin, Vol. 1: The Vigilante Business (We Are Robin #1)",53.9,1,14,Sequential Art,BooksToScrape
Walt Disney's Alice in Wonderland,12.96,5,14,Childrens,BooksToScrape
V for Vendetta (V for Vendetta Complete),37.1,4,14,Default,BooksToScrape
Until Friday Night (The Field Party #1),46.31,2,14,Young Adult,BooksToScrape
"Unbroken: A World War II Story of Survival, Resilience, and Redemption",45.95,2,14,Default,BooksToScrape
Twenty Yawns,22.08,2,14,Childrens,BooksToScrape
Through the Woods,25.38,2,14,Sequential Art,BooksToScrape
This Is Where It Ends,27.12,2,14,Young Adult,BooksToScrape
The Year of Magical Thinking,43.04,2,14,Nonfiction,BooksToScrape
The Wright Brothers,56.8,4,14,Default,BooksToScrape
The White Queen (The Cousins' War #1),25.91,5,14,Add a comment,BooksToScrape
The Wedding Pact (The O'Malleys #2),32.61,3,14,Romance,BooksToScrape
The Time Keeper,27.88,5,14,Fiction,BooksToScrape
The Testament of Mary,52.67,4,14,Fiction,BooksToScrape
The Star-Touched Queen,46.02,5,14,Fantasy,BooksToScrape
The Songs of the Gods,44.48,5,14,Default,BooksToScrape
The Song of Achilles,37.4,5,14,Add a comment,BooksToScrape
The Rosie Project (Don Tillman #1),54.04,1,14,Default,BooksToScrape
The Power of Habit: Why We Do What We Do in Life and Business,16.88,3,14,Default,BooksToScrape
The Marriage of Opposites,28.08,4,14,Historical Fiction,BooksToScrape
The Lucifer Effect: Understanding How Good People Turn Evil,10.4,1,14,Psychology,BooksToScrape
The Long Haul (Diary of a Wimpy Kid #9),44.07,1,14,Humor,BooksToScrape
The Loney,23.4,1,14,Horror,BooksToScrape
The Literature Book (Big Ideas Simply Explained),17.43,3,14,Nonfiction,BooksToScrape
The Last Mile (Amos Decker #2),54.21,2,14,Mystery,BooksToScrape
The Immortal Life of Henrietta Lacks,40.67,2,14,Add a comment,BooksToScrape
The Hidden Oracle (The Trials of Apollo #1),52.26,2,14,Fantasy,BooksToScrape
The Help Yourself Cookbook for Kids: 60 Easy Plant-Based Recipes Kids Can Make to Stay Healthy and Save the Earth,28.77,3,14,Food and Drink,BooksToScrape
The Guilty (Will Robie #4),13.82,2,14,Thriller,BooksToScrape
The First Hostage (J.B. Collins #2),25.85,3,14,Fiction,BooksToScrape
The Dovekeepers,48.78,1,14,Add a comment,BooksToScrape
The Darkest Lie,35.35,5,14,Young Adult,BooksToScrape
The Bane Chronicles (The Bane Chronicles #1-11),44.73,4,14,Fantasy,BooksToScrape
The Bad-Ass Librarians of Timbuktu: And Their Race to Save the Worldâs Most Precious Manuscripts,15.77,1,14,Nonfiction,BooksToScrape
The 14th Colony (Cotton Malone #11),39.24,1,14,Thriller,BooksToScrape
That Darkness (Gardiner and Renner #1),13.92,1,14,Mystery,BooksToScrape
Tastes Like Fear (DI Marnie Rome #3),10.69,1,14,Mystery,BooksToScrape
Take Me with You,45.21,3,14,Fiction,BooksToScrape
Swell: A Year of Waves,45.58,1,14,Nonfiction,BooksToScrape
Superman Vol. 1: Before Truth (Superman by Gene Luen Yang #1),11.89,5,14,Sequential Art,BooksToScrape
Still Life with Bread Crumbs,26.41,3,14,Fiction,BooksToScrape
Steve Jobs,39.5,5,14,Default,BooksToScrape
Sorting the Beef from the Bull: The Science of Food Fraud Forensics,44.74,4,14,Science,BooksToScrape
Someone Like You (The Harrisons #2),52.79,5,14,Contemporary,BooksToScrape
"So Cute It Hurts!!, Vol. 6 (So Cute It Hurts!! #6)",35.43,4,14,Sequential Art,BooksToScrape
Shtum,55.84,4,14,Fiction,BooksToScrape
See America: A Celebration of Our National Parks & Treasured Sites,48.87,3,14,Travel,BooksToScrape
salt.,46.78,4,14,Poetry,BooksToScrape
Robin War,47.82,3,14,Sequential Art,BooksToScrape
"Red Hood/Arsenal, Vol. 1: Open for Business (Red Hood/Arsenal #1)",25.48,2,14,Sequential Art,BooksToScrape
Rain Fish,23.57,3,14,Childrens,BooksToScrape
"Quarter Life Poetry: Poems for the Young, Broke and Hangry",50.89,5,14,Poetry,BooksToScrape
Pet Sematary,10.56,3,14,Horror,BooksToScrape
"Overload: How to Unplug, Unwind, and Unleash Yourself from the Pressure of Stress",52.15,3,14,Self Help,BooksToScrape
Once Was a Time,18.28,2,14,Childrens,BooksToScrape
Old School (Diary of a Wimpy Kid #10),11.83,5,14,Humor,BooksToScrape
No Dream Is Too High: Life Lessons From a Man Who Walked on the Moon,21.95,2,14,Nonfiction,BooksToScrape
"Naruto (3-in-1 Edition), Vol. 14: Includes Vols. 40, 41 & 42 (Naruto: Omnibus #14)",38.39,2,14,Sequential Art,BooksToScrape
My Name Is Lucy Barton,41.56,1,14,Fiction,BooksToScrape
My Mrs. Brown,24.48,3,14,Fiction,BooksToScrape
My Kind of Crazy,40.36,1,14,Young Adult,BooksToScrape
Mr. Mercedes (Bill Hodges Trilogy #1),28.9,1,14,Fiction,BooksToScrape
More Than Music (Chasing the Dream #1),37.61,2,14,Add a comment,BooksToScrape
Made to Stick: Why Some Ideas Survive and Others Die,38.85,5,14,Business,BooksToScrape
Luis Paints the World,53.95,3,14,Childrens,BooksToScrape
Luckiest Girl Alive,49.83,3,14,Default,BooksToScrape
Lowriders to the Center of the Earth (Lowriders in Space #2),51.51,2,14,Sequential Art,BooksToScrape
Love Is a Mix Tape (Music #1),18.03,1,14,Music,BooksToScrape
Looking for Lovely: Collecting the Moments that Matter,29.14,5,14,Nonfiction,BooksToScrape
"Living Leadership by Insight: A Good Leader Achieves, a Great Leader Builds Monuments",46.91,4,14,Default,BooksToScrape
Let It Out: A Journey Through Journaling,26.79,5,14,Nonfiction,BooksToScrape
Lady Midnight (The Dark Artifices #1),16.28,5,14,Default,BooksToScrape
"It's All Easy: Healthy, Delicious Weeknight Meals in under 30 Minutes",19.55,1,14,Food and Drink,BooksToScrape
Island of Dragons (Unwanteds #7),29.65,1,14,Fantasy,BooksToScrape
I Know What I'm Doing -- and Other Lies I Tell Myself: Dispatches from a Life Under Construction,25.98,4,14,Humor,BooksToScrape
I Am Pilgrim (Pilgrim #1),10.6,4,14,Fiction,BooksToScrape
"Hyperbole and a Half: Unfortunate Situations, Flawed Coping Mechanisms, Mayhem, and Other Things That Happened",14.75,5,14,Humor,BooksToScrape
"Hush, Hush (Hush, Hush #1)",47.02,3,14,Default,BooksToScrape
Hold Your Breath (Search and Rescue #1),28.82,1,14,Romance,BooksToScrape
Hamilton: The Revolution,58.79,3,14,Nonfiction,BooksToScrape
Greek Mythic History,10.23,5,14,Default,BooksToScrape
God: The Most Unpleasant Character in All Fiction,30.03,5,14,Religion,BooksToScrape
Glory over Everything: Beyond The Kitchen House,45.84,3,14,Historical Fiction,BooksToScrape
Feathers: Displays of Brilliant Plumage,49.05,3,14,Art,BooksToScrape
"Far & Away: Places on the Brink of Change: Seven Continents, Twenty-Five Years",15.06,4,14,Nonfiction,BooksToScrape
Every Last Word,46.47,3,14,Default,BooksToScrape
Eligible (The Austen Project #4),27.09,3,14,Fiction,BooksToScrape
El Deafo,57.62,5,14,Sequential Art,BooksToScrape
Eight Hundred Grapes,14.39,4,14,Fiction,BooksToScrape
"Eaternity: More than 150 Deliciously Easy Vegan Recipes for a Long, Healthy, Satisfied, Joyful Life",51.75,5,14,Nonfiction,BooksToScrape
"Eat Fat, Get Thin",54.07,2,14,Health,BooksToScrape
Don't Get Caught,55.35,1,14,Young Adult,BooksToScrape
Doctor Sleep (The Shining #2),40.12,2,14,Horror,BooksToScrape
Demigods & Magicians: Percy and Annabeth Meet the Kanes (Percy Jackson & Kane Chronicles Crossover #1-3),37.51,5,14,Fantasy,BooksToScrape
Dear Mr. Knightley,11.21,5,14,Fiction,BooksToScrape
Daily Fantasy Sports,36.58,1,14,Default,BooksToScrape
Crazy Love: Overwhelmed by a Relentless God,47.72,2,14,Christian,BooksToScrape
Cometh the Hour (The Clifton Chronicles #6),25.01,3,14,Fiction,BooksToScrape
Code Name Verity (Code Name Verity #1),22.13,4,14,Add a comment,BooksToScrape
Clockwork Angel (The Infernal Devices #1),44.14,1,14,Default,BooksToScrape
City of Glass (The Mortal Instruments #3),56.02,4,14,Fantasy,BooksToScrape
City of Fallen Angels (The Mortal Instruments #4),11.23,4,14,Default,BooksToScrape
City of Bones (The Mortal Instruments #1),43.28,1,14,Default,BooksToScrape
City of Ashes (The Mortal Instruments #2),47.27,1,14,Default,BooksToScrape
Cell,20.29,4,14,Add a comment,BooksToScrape
Catching Jordan (Hundred Oaks),50.83,3,14,Young Adult,BooksToScrape
"Carry On, Warrior: Thoughts on Life Unarmed",31.85,3,14,Default,BooksToScrape
Carrie,46.23,2,14,Default,BooksToScrape
Buying In: The Secret Dialogue Between What We Buy and Who We Are,37.8,4,14,Nonfiction,BooksToScrape
Brain on Fire: My Month of Madness,49.32,5,14,Nonfiction,BooksToScrape
Batman: Europa,32.01,2,14,Sequential Art,BooksToScrape
Barefoot Contessa Back to Basics,28.01,1,14,Food and Drink,BooksToScrape
Barefoot Contessa at Home: Everyday Recipes You'll Make Over and Over Again,50.62,5,14,Food and Drink,BooksToScrape
Balloon Animals,17.03,3,14,Fiction,BooksToScrape
Art Ops Vol. 1,48.8,3,14,Sequential Art,BooksToScrape
Aristotle and Dante Discover the Secrets of the Universe (Aristotle and Dante Discover the Secrets of the Universe #1),58.14,4,14,Young Adult,BooksToScrape
Angels Walking (Angels Walking #1),34.2,2,14,Add a comment,BooksToScrape
Angels & Demons (Robert Langdon #1),51.48,3,14,Default,BooksToScrape
All the Light We Cannot See,29.87,5,14,Historical,BooksToScrape
"Adulthood Is a Myth: A ""Sarah's Scribbles"" Collection",10.9,2,14,Sequential Art,BooksToScrape
Abstract City,56.37,5,14,Nonfiction,BooksToScrape
A Time of Torment (Charlie Parker #14),48.35,5,14,Mystery,BooksToScrape
A Study in Scarlet (Sherlock Holmes #1),16.73,2,14,Mystery,BooksToScrape
"A Series of Catastrophes and Miracles: A True Story of Love, Science, and Cancer",56.48,2,14,Add a comment,BooksToScrape
A People's History of the United States,40.79,2,14,Add a comment,BooksToScrape
A Man Called Ove,39.72,1,14,Fiction,BooksToScrape
A Distant Mirror: The Calamitous 14th Century,14.58,3,14,History,BooksToScrape
A Brush of Wings (Angels Walking #3),55.51,1,14,Add a comment,BooksToScrape
1491: New Revelations of the Americas Before Columbus,21.8,3,14,History,BooksToScrape
"The Three Searches, Meaning, and the Story",13.33,3,13,Default,BooksToScrape
Searching for Meaning in Gailana,38.73,1,13,Fantasy,BooksToScrape
Rook,37.86,4,13,Add a comment,BooksToScrape
My Kitchen Year: 136 Recipes That Saved My Life,11.53,2,13,Food and Drink,BooksToScrape
13 Hours: The Inside Account of What Really Happened In Benghazi,27.06,1,13,Nonfiction,BooksToScrape
Will You Won't You Want Me?,13.86,3,12,Womens Fiction,BooksToScrape
Tipping Point for Planet Earth: How Close Are We to the Edge?,37.55,1,12,Science,BooksToScrape
The Star-Touched Queen,32.3,5,12,Fantasy,BooksToScrape
The Silent Sister (Riley MacPherson #1),46.29,5,12,Fiction,BooksToScrape
The Midnight Watch: A Novel of the Titanic and the Californian,26.2,1,12,Add a comment,BooksToScrape
The Lonely City: Adventures in the Art of Being Alone,33.26,2,12,Nonfiction,BooksToScrape
The Gray Rhino: How to Recognize and Act on the Obvious Dangers We Ignore,59.15,4,12,Add a comment,BooksToScrape
The Golden Condom: And Other Essays on Love Lost and Found,39.43,1,12,Psychology,BooksToScrape
The Epidemic (The Program 0.6),14.44,5,12,Young Adult,BooksToScrape
The Dinner Party,56.54,2,12,Fiction,BooksToScrape
The Diary of a Young Girl,59.9,3,12,Nonfiction,BooksToScrape
The Children,11.88,3,12,Add a comment,BooksToScrape
Stars Above (The Lunar Chronicles #4.5),48.05,2,12,Young Adult,BooksToScrape
Snatched: How A Drug Queen Went Undercover for the DEA and Was Kidnapped By Colombian Guerillas,21.21,3,12,Nonfiction,BooksToScrape
Raspberry Pi Electronics Projects for the Evil Genius,49.67,4,12,Default,BooksToScrape
Quench Your Own Thirst: Business Lessons Learned Over a Beer or Two,43.14,1,12,Business,BooksToScrape
Psycho: Sanitarium (Psycho #1.5),36.97,5,12,Horror,BooksToScrape
Poisonous (Max Revere Novels #3),26.8,3,12,Mystery,BooksToScrape
One with You (Crossfire #5),15.71,4,12,Add a comment,BooksToScrape
No Love Allowed (Dodge Cove #1),54.65,4,12,Young Adult,BooksToScrape
Murder at the 42nd Street Library (Raymond Ambler #1),54.36,4,12,Mystery,BooksToScrape
Most Wanted,35.28,3,12,Mystery,BooksToScrape
"Love, Lies and Spies",20.55,2,12,Historical Fiction,BooksToScrape
How to Speak Golf: An Illustrated Guide to Links Lingo,58.32,5,12,Default,BooksToScrape
Hide Away (Eve Duncan #20),11.84,1,12,Mystery,BooksToScrape
Furiously Happy: A Funny Book About Horrible Things,41.46,4,12,Nonfiction,BooksToScrape
Everyday Italian: 125 Simple and Delicious Recipes,20.1,5,12,Food and Drink,BooksToScrape
Equal Is Unfair: America's Misguided Fight Against Income Inequality,56.86,1,12,Politics,BooksToScrape
Eleanor & Park,56.51,5,12,Default,BooksToScrape
Dirty (Dive Bar #1),40.83,4,12,Romance,BooksToScrape
Can You Keep a Secret? (Fear Street Relaunch #4),48.64,1,12,Horror,BooksToScrape
Boar Island (Anna Pigeon #19),59.48,3,12,Mystery,BooksToScrape
A Paris Apartment,39.01,4,12,Historical Fiction,BooksToScrape
"A la Mode: 120 Recipes in 60 Pairings: Pies, Tarts, Cakes, Crisps, and More Topped with Ice Cream, Gelato, Frozen Custard, and More",38.77,1,12,Food and Drink,BooksToScrape
Troublemaker: Surviving Hollywood and Scientology,48.39,2,11,Default,BooksToScrape
The Widow,27.26,2,11,Mystery,BooksToScrape
"The Sleep Revolution: Transforming Your Life, One Night at a Time",11.68,4,11,Nonfiction,BooksToScrape
The Improbability of Love,59.45,1,11,Fiction,BooksToScrape
The Art of Startup Fundraising,21.0,3,11,Business,BooksToScrape
Take Me Home Tonight (Rock Star Romance #3),53.98,3,11,Romance,BooksToScrape
Sleeping Giants (Themis Files #1),48.74,1,11,Science Fiction,BooksToScrape
"Setting the World on Fire: The Brief, Astonishing Life of St. Catherine of Siena",21.15,2,11,Biography,BooksToScrape
Playing with Fire,13.71,3,11,Mystery,BooksToScrape
Off the Hook (Fishing for Trouble #1),47.67,3,11,Romance,BooksToScrape
Mothering Sunday,13.34,2,11,Fiction,BooksToScrape
"Mother, Can You Not?",16.89,5,11,Nonfiction,BooksToScrape
M Train,27.18,1,11,Autobiography,BooksToScrape
Lilac Girls,17.28,2,11,Historical Fiction,BooksToScrape
Lies and Other Acts of Love,45.14,1,11,Fiction,BooksToScrape
Lab Girl,40.85,1,11,Autobiography,BooksToScrape
Keep Me Posted,20.46,4,11,Womens Fiction,BooksToScrape
It Didn't Start with You: How Inherited Family Trauma Shapes Who We Are and How to End the Cycle,56.27,3,11,Psychology,BooksToScrape
Grey (Fifty Shades #4),48.49,4,11,Womens Fiction,BooksToScrape
"Exit, Pursued by a Bear",51.34,4,11,Young Adult,BooksToScrape
Daredevils,16.34,3,11,Fiction,BooksToScrape
Cravings: Recipes for What You Want to Eat,20.5,3,11,Food and Drink,BooksToScrape
Born for This: How to Find the Work You Were Meant to Do,21.59,5,11,Business,BooksToScrape
Arena,21.36,4,11,Science Fiction,BooksToScrape
Adultery,20.88,5,11,Default,BooksToScrape
A Mother's Reckoning: Living in the Aftermath of Tragedy,19.53,3,11,Nonfiction,BooksToScrape
A Gentleman's Position (Society of Gentlemen #3),14.75,5,11,Romance,BooksToScrape
11/22/63,48.48,3,11,Fiction,BooksToScrape
"10% Happier: How I Tamed the Voice in My Head, Reduced Stress Without Losing My Edge, and Found Self-Help That Actually Works",24.57,2,10,Nonfiction,BooksToScrape
10-Day Green Smoothie Cleanse: Lose Up to 15 Pounds in 10 Days!,49.71,5,10,Health,BooksToScrape
Without Shame,48.27,5,9,Add a comment,BooksToScrape
Watchmen,58.05,4,9,Add a comment,BooksToScrape
Unlimited Intuition Now,58.87,4,9,Default,BooksToScrape
Underlying Notes,11.82,2,9,Default,BooksToScrape
The Shack,28.03,1,9,Fiction,BooksToScrape
The New Brand You: Your New Image Makes the Sale for You,44.05,5,9,Default,BooksToScrape
"The Moosewood Cookbook: Recipes from Moosewood Restaurant, Ithaca, New York",12.34,4,9,Food and Drink,BooksToScrape
The Flowers Lied,16.68,2,9,Default,BooksToScrape
"The Fabric of the Cosmos: Space, Time, and the Texture of Reality",55.91,1,9,Science,BooksToScrape
The Book of Mormon,24.57,3,9,Religion,BooksToScrape
The Art and Science of Low Carbohydrate Living,52.98,5,9,Health,BooksToScrape
The Alien Club,54.4,1,9,Young Adult,BooksToScrape
Suzie Snowflake: One beautiful flake (a self-esteem story),54.81,5,9,Novels,BooksToScrape
Nap-a-Roo,25.08,1,9,Childrens,BooksToScrape
"NaNo What Now? Finding your editing process, revising your NaNoWriMo book and building a writing career through publishing and beyond",10.41,4,9,Default,BooksToScrape
Modern Day Fables,47.44,2,9,Default,BooksToScrape
If I Gave You God's Phone Number....: Searching for Spirituality in America,20.91,1,9,Spirituality,BooksToScrape
"Fruits Basket, Vol. 9 (Fruits Basket #9)",33.95,4,9,Sequential Art,BooksToScrape
Dress Your Family in Corduroy and Denim,43.68,3,9,Humor,BooksToScrape
Don't Forget Steven,33.23,1,9,Young Adult,BooksToScrape
Chernobyl 01:23:40: The Incredible True Story of the World's Worst Nuclear Disaster,35.92,2,9,Nonfiction,BooksToScrape
Art and Fear: Observations on the Perils (and Rewards) of Artmaking,48.63,4,9,Art,BooksToScrape
A Shard of Ice (The Black Symphony Saga #1),56.63,3,9,Fantasy,BooksToScrape
A Hero's Curse (The Unseen Chronicles #1),50.49,3,9,Add a comment,BooksToScrape
23 Degrees South: A Tropical Tale of Changing Whether...,35.79,2,9,Add a comment,BooksToScrape
"Zero to One: Notes on Startups, or How to Build the Future",34.06,3,8,Nonfiction,BooksToScrape
Why Not Me?,17.76,1,8,Nonfiction,BooksToScrape
When Breath Becomes Air,39.36,2,8,Nonfiction,BooksToScrape
Vagabonding: An Uncommon Guide to the Art of Long-Term World Travel,36.94,2,8,Travel,BooksToScrape
The Unlikely Pilgrimage of Harold Fry (Harold Fry #1),43.62,5,8,Default,BooksToScrape
The New Drawing on the Right Side of the Brain,43.02,3,8,Art,BooksToScrape
"The Midnight Assassin: Panic, Scandal, and the Hunt for America's First Serial Killer",28.45,4,8,Nonfiction,BooksToScrape
The Martian (The Martian #1),41.39,2,8,Default,BooksToScrape
The High Mountains of Portugal,51.15,1,8,Fiction,BooksToScrape
The Grownup,35.88,1,8,Short Stories,BooksToScrape
The E-Myth Revisited: Why Most Small Businesses Don't Work and What to Do About It,36.91,1,8,Business,BooksToScrape
South of Sunshine,28.93,1,8,Young Adult,BooksToScrape
Smarter Faster Better: The Secrets of Being Productive in Life and Business,38.89,5,8,Nonfiction,BooksToScrape
Silence in the Dark (Logan Point #4),58.33,3,8,Suspense,BooksToScrape
Shadows of the Past (Logan Point #1),39.67,5,8,Christian Fiction,BooksToScrape
Roller Girl,14.1,5,8,Sequential Art,BooksToScrape
Rising Strong,21.82,3,8,Nonfiction,BooksToScrape
Proofs of God: Classical Arguments from Tertullian to Barth,54.21,1,8,Philosophy,BooksToScrape
Please Kill Me: The Uncensored Oral History of Punk,31.19,4,8,Music,BooksToScrape
Out of Print: City Lights Spotlight No. 14,53.64,5,8,Poetry,BooksToScrape
My Life Next Door (My Life Next Door ),36.39,5,8,Young Adult,BooksToScrape
Miller's Valley,58.54,2,8,Fiction,BooksToScrape
Man's Search for Meaning,29.48,3,8,Nonfiction,BooksToScrape
"Love That Boy: What Two Presidents, Eight Road Trips, and My Son Taught Me About a Parent's Expectations",25.06,2,8,Nonfiction,BooksToScrape
Living Forward: A Proven Plan to Stop Drifting and Get the Life You Want,12.55,3,8,Nonfiction,BooksToScrape
Les Fleurs du Mal,29.04,5,8,Poetry,BooksToScrape
Left Behind (Left Behind #1),40.72,2,8,Default,BooksToScrape
Kill 'Em and Leave: Searching for James Brown and the American Soul,45.05,5,8,Music,BooksToScrape
Kierkegaard: A Christian Missionary to Christians,47.13,1,8,Philosophy,BooksToScrape
John Vassos: Industrial Design for Modern Life,20.22,4,8,Default,BooksToScrape
I'll Give You the Sun,56.48,1,8,Default,BooksToScrape
I Will Find You,44.21,1,8,Nonfiction,BooksToScrape
Hystopia: A Novel,21.96,4,8,Fiction,BooksToScrape
Howl and Other Poems,40.45,2,8,Poetry,BooksToScrape
History of Beauty,10.29,4,8,Art,BooksToScrape
Heaven is for Real: A Little Boy's Astounding Story of His Trip to Heaven and Back,52.86,2,8,Default,BooksToScrape
Future Shock (Future Shock #1),55.65,5,8,Young Adult,BooksToScrape
Ender's Game (The Ender Quintet #1),43.64,1,8,Default,BooksToScrape
Diary of a Citizen Scientist: Chasing Tiger Beetles and Other New Ways of Engaging the World,28.41,1,8,Science,BooksToScrape
Death by Leisure: A Cautionary Tale,37.51,4,8,Default,BooksToScrape
Brilliant Beacons: A History of the American Lighthouse,11.45,3,8,History,BooksToScrape
Brazen: The Courage to Find the You That's Been Hiding,19.22,2,8,Nonfiction,BooksToScrape
Between the World and Me,56.91,4,8,Nonfiction,BooksToScrape
Being Mortal: Medicine and What Matters in the End,55.06,4,8,Nonfiction,BooksToScrape
"A Murder Over a Girl: Justice, Gender, Junior High",13.2,3,8,Nonfiction,BooksToScrape
32 Yolks,53.63,2,8,Food and Drink,BooksToScrape
"""Most Blessed of the Patriarchs"": Thomas Jefferson and the Empire of the Imagination",44.48,5,8,History,BooksToScrape
You Are a Badass: How to Stop Doubting Your Greatness and Start Living an Awesome Life,12.08,3,7,Self Help,BooksToScrape
Wildlife of New York: A Five-Borough Coloring Book,22.14,2,7,Default,BooksToScrape
What Happened on Beale Street (Secrets of the South Mysteries #2),25.37,5,7,Mystery,BooksToScrape
Unreasonable Hope: Finding Faith in the God Who Brings Purpose to Your Pain,46.33,2,7,Spirituality,BooksToScrape
Under the Tuscan Sun,37.33,3,7,Travel,BooksToScrape
Toddlers Are A**holes: It's Not Your Fault,25.55,1,7,Humor,BooksToScrape
The Year of Living Biblically: One Man's Humble Quest to Follow the Bible as Literally as Possible,34.72,1,7,Default,BooksToScrape
The Whale,35.96,4,7,Childrens,BooksToScrape
The Story of Art,41.14,4,7,Art,BooksToScrape
The Origin of Species,10.01,4,7,Science,BooksToScrape
The Great Gatsby,36.05,4,7,Default,BooksToScrape
The Good Girl,49.03,3,7,Default,BooksToScrape
The Glass Castle,16.24,1,7,Add a comment,BooksToScrape
The Faith of Christopher Hitchens: The Restless Soul of the World's Most Notorious Atheist,39.55,1,7,Biography,BooksToScrape
The Drowning Girls,35.67,3,7,Add a comment,BooksToScrape
The Constant Princess (The Tudor Court #1),16.62,3,7,Historical Fiction,BooksToScrape
The Bourne Identity (Jason Bourne #1),42.78,4,7,Fiction,BooksToScrape
The Bachelor Girl's Guide to Murder (Herringford and Watts Mysteries #1),52.3,5,7,Mystery,BooksToScrape
The Art Book,32.34,2,7,Art,BooksToScrape
The 7 Habits of Highly Effective People: Powerful Lessons in Personal Change,33.17,4,7,Default,BooksToScrape
Team of Rivals: The Political Genius of Abraham Lincoln,20.12,5,7,Add a comment,BooksToScrape
Steal Like an Artist: 10 Things Nobody Told You About Being Creative,20.9,2,7,Default,BooksToScrape
"Sit, Stay, Love",20.9,3,7,Romance,BooksToScrape
Sister Dear,40.2,4,7,Fiction,BooksToScrape
"Shrunken Treasures: Literary Classics, Short, Sweet, and Silly",52.87,3,7,Childrens,BooksToScrape
"Rich Dad, Poor Dad",51.74,1,7,Business,BooksToScrape
Raymie Nightingale,34.41,2,7,Childrens,BooksToScrape
Playing from the Heart,32.38,1,7,Childrens,BooksToScrape
Nightstruck: A Novel,50.35,4,7,Young Adult,BooksToScrape
"Naturally Lean: 125 Nourishing Gluten-Free, Plant-Based Recipes--All Under 300 Calories",11.38,5,7,Food and Drink,BooksToScrape
Meternity,43.58,3,7,Womens Fiction,BooksToScrape
Memoirs of a Geisha,49.67,3,7,Fiction,BooksToScrape
Like Never Before (Walker Family #2),28.77,2,7,Christian Fiction,BooksToScrape
Life of Pi,13.22,4,7,Default,BooksToScrape
Leave This Song Behind: Teen Poetry at Its Best,51.17,5,7,Poetry,BooksToScrape
King's Folly (The Kinsman Chronicles #1),39.61,5,7,Fantasy,BooksToScrape
John Adams,57.43,4,7,Add a comment,BooksToScrape
How to Cook Everything Vegetarian: Simple Meatless Recipes for Great Food (How to Cook Everything),46.01,4,7,Food and Drink,BooksToScrape
How to Be a Domestic Goddess: Baking and the Art of Comfort Cooking,28.25,2,7,Food and Drink,BooksToScrape
Good in Bed (Cannie Shapiro #1),37.05,5,7,Add a comment,BooksToScrape
"Fruits Basket, Vol. 7 (Fruits Basket #7)",19.57,1,7,Sequential Art,BooksToScrape
For the Love: Fighting for Grace in a World of Impossible Standards,45.13,3,7,Nonfiction,BooksToScrape
Finding God in the Ruins: How God Redeems Pain,46.64,2,7,Nonfiction,BooksToScrape
Every Heart a Doorway (Every Heart A Doorway #1),12.16,5,7,Fantasy,BooksToScrape
Delivering the Truth (Quaker Midwife Mystery #1),20.89,4,7,Mystery,BooksToScrape
Counted With the Stars (Out from Egypt #1),17.97,5,7,Christian Fiction,BooksToScrape
"Chronicles, Vol. 1",52.6,2,7,Music,BooksToScrape
Blue Like Jazz: Nonreligious Thoughts on Christian Spirituality,25.77,1,7,Christian,BooksToScrape
Benjamin Franklin: An American Life,48.19,3,7,Biography,BooksToScrape
"At The Existentialist CafÃ©: Freedom, Being, and apricot cocktails with: Jean-Paul Sartre, Simone de Beauvoir, Albert Camus, Martin Heidegger, Edmund Husserl, Karl Jaspers, Maurice Merleau-Ponty and others",29.93,5,7,Philosophy,BooksToScrape
A Summer In Europe,44.34,2,7,Travel,BooksToScrape
A Short History of Nearly Everything,52.4,5,7,History,BooksToScrape
A Gathering of Shadows (Shades of Magic #2),44.81,4,7,Fantasy,BooksToScrape
The Sound Of Love,57.84,5,6,Default,BooksToScrape
The Rise and Fall of the Third Reich: A History of Nazi Germany,39.67,2,6,History,BooksToScrape
The Perks of Being a Wallflower,55.02,3,6,Default,BooksToScrape
The Mysterious Affair at Styles (Hercule Poirot #1),24.8,4,6,Mystery,BooksToScrape
The Man Who Mistook His Wife for a Hat and Other Clinical Tales,59.45,4,6,Nonfiction,BooksToScrape
The Makings of a Fatherless Child,31.58,2,6,Default,BooksToScrape
The Joy of Cooking,43.27,4,6,Add a comment,BooksToScrape
The Invention of Wings,37.34,1,6,Historical Fiction,BooksToScrape
The Hobbit (Middle-Earth Universe),17.8,5,6,Default,BooksToScrape
The Great Railway Bazaar,30.54,1,6,Travel,BooksToScrape
The Golden Compass (His Dark Materials #1),18.77,1,6,Add a comment,BooksToScrape
The God Delusion,46.85,3,6,Add a comment,BooksToScrape
The Girl You Left Behind (The Girl You Left Behind #1),15.79,1,6,Historical,BooksToScrape
The Fellowship of the Ring (The Lord of the Rings #1),10.27,2,6,Default,BooksToScrape
The Collected Poems of W.B. Yeats (The Collected Works of W.B. Yeats #1),15.42,5,6,Poetry,BooksToScrape
The Barefoot Contessa Cookbook,59.92,5,6,Food and Drink,BooksToScrape
Tell the Wolves I'm Home,50.96,2,6,Young Adult,BooksToScrape
Ship Leaves Harbor: Essays on Travel by a Recovering Journeyman,30.6,3,6,Default,BooksToScrape
Pride and Prejudice,19.27,4,6,Add a comment,BooksToScrape
Musicophilia: Tales of Music and the Brain,46.58,1,6,Default,BooksToScrape
Mere Christianity,48.51,3,6,Add a comment,BooksToScrape
Me Before You (Me Before You #1),19.02,1,6,Fiction,BooksToScrape
In the Woods (Dublin Murder Squad #1),38.38,2,6,Mystery,BooksToScrape
In Cold Blood,49.98,4,6,Nonfiction,BooksToScrape
How to Stop Worrying and Start Living,46.49,5,6,Self Help,BooksToScrape
Give It Back,18.32,2,6,Thriller,BooksToScrape
"Girl, Interrupted",42.14,3,6,Nonfiction,BooksToScrape
Fun Home: A Family Tragicomic,56.59,4,6,Add a comment,BooksToScrape
"Fruits Basket, Vol. 6 (Fruits Basket #6)",20.96,4,6,Sequential Art,BooksToScrape
Deception Point,40.32,4,6,Fiction,BooksToScrape
"Death Note, Vol. 6: Give-and-Take (Death Note #6)",36.39,3,6,Sequential Art,BooksToScrape
Catherine the Great: Portrait of a Woman,58.55,4,6,History,BooksToScrape
Better Homes and Gardens New Cook Book,39.61,3,6,Food and Drink,BooksToScrape
An Unquiet Mind: A Memoir of Moods and Madness,21.3,3,6,Psychology,BooksToScrape
A Year in Provence (Provence #1),56.88,4,6,Travel,BooksToScrape
World Without End (The Pillars of the Earth #2),32.97,4,5,Historical Fiction,BooksToScrape
"Will Grayson, Will Grayson (Will Grayson, Will Grayson)",47.31,4,5,Young Adult,BooksToScrape
Why Save the Bankers?: And Other Essays on Our Economic and Political Crisis,48.67,2,5,Nonfiction,BooksToScrape
Where She Went (If I Stay #2),41.73,4,5,Young Adult,BooksToScrape
What If?: Serious Scientific Answers to Absurd Hypothetical Questions,53.68,4,5,Default,BooksToScrape
Two Summers,14.64,1,5,Young Adult,BooksToScrape
This Is Your Brain on Music: The Science of a Human Obsession,38.4,1,5,Music,BooksToScrape
The Secret Garden,15.08,4,5,Classics,BooksToScrape
The Raven King (The Raven Cycle #4),30.57,2,5,Add a comment,BooksToScrape
The Raven Boys (The Raven Cycle #1),57.74,4,5,Fantasy,BooksToScrape
The Power Greens Cookbook: 140 Delicious Superfood Recipes,11.05,5,5,Food and Drink,BooksToScrape
The Metamorphosis,28.58,1,5,Classics,BooksToScrape
The Mathews Men: Seven Brothers and the War Against Hitler's U-boats,42.91,5,5,History,BooksToScrape
The Little Paris Bookshop,24.73,3,5,Fiction,BooksToScrape
The Hiding Place,55.91,4,5,History,BooksToScrape
The Grand Design,13.76,3,5,Science,BooksToScrape
The Firm,45.56,3,5,Fiction,BooksToScrape
The Fault in Our Stars,47.22,1,5,Default,BooksToScrape
The False Prince (The Ascendance Trilogy #1),56.0,5,5,Fantasy,BooksToScrape
The Expatriates,44.58,2,5,Fiction,BooksToScrape
The Dream Thieves (The Raven Cycle #2),34.5,1,5,Default,BooksToScrape
The Darkest Corners,11.33,5,5,Young Adult,BooksToScrape
The Crossover,38.77,4,5,Poetry,BooksToScrape
The 5th Wave (The 5th Wave #1),11.83,2,5,Default,BooksToScrape
Tell the Wind and Fire,45.51,3,5,Fantasy,BooksToScrape
Tell Me Three Things,41.81,1,5,Young Adult,BooksToScrape
Talking to Girls About Duran Duran: One Young Man's Quest for True Love and a Cooler Haircut,25.15,4,5,Nonfiction,BooksToScrape
Siddhartha,34.22,5,5,Fiction,BooksToScrape
Shiver (The Wolves of Mercy Falls #1),16.23,5,5,Default,BooksToScrape
Remember Me?,11.48,3,5,Default,BooksToScrape
Red Dragon (Hannibal Lecter #1),23.37,3,5,Horror,BooksToScrape
Peak: Secrets from the New Science of Expertise,16.28,2,5,Science,BooksToScrape
My Mother Was Nuts,31.63,4,5,Nonfiction,BooksToScrape
Mexican Today: New and Rediscovered Recipes for Contemporary Kitchens,24.91,5,5,Food and Drink,BooksToScrape
Maybe Something Beautiful: How Art Transformed a Neighborhood,22.54,1,5,Childrens,BooksToScrape
Lola and the Boy Next Door (Anna and the French Kiss #2),23.63,4,5,Young Adult,BooksToScrape
Logan Kade (Fallen Crest High #5.5),13.12,2,5,Academic,BooksToScrape
Last One Home (New Beginnings #1),59.98,3,5,Fiction,BooksToScrape
Killing Floor (Jack Reacher #1),31.49,4,5,Thriller,BooksToScrape
Kill the Boy Band,15.52,5,5,Young Adult,BooksToScrape
Isla and the Happily Ever After (Anna and the French Kiss #3),48.13,5,5,Young Adult,BooksToScrape
If I Stay (If I Stay #1),38.13,5,5,Default,BooksToScrape
I Know Why the Caged Bird Sings (Maya Angelou's Autobiography #1),36.55,2,5,Default,BooksToScrape
Harry Potter and the Deathly Hallows (Harry Potter #7),23.32,1,5,Default,BooksToScrape
"Fruits Basket, Vol. 5 (Fruits Basket #5)",16.33,1,5,Sequential Art,BooksToScrape
Foundation (Foundation (Publication Order) #1),32.42,1,5,Science Fiction,BooksToScrape
Fool Me Once,16.96,1,5,Default,BooksToScrape
Find Her (Detective D.D. Warren #8),22.37,1,5,Add a comment,BooksToScrape
Evicted: Poverty and Profit in the American City,42.27,1,5,Add a comment,BooksToScrape
Drama,38.7,2,5,Default,BooksToScrape
Dracula the Un-Dead,35.63,5,5,Horror,BooksToScrape
Digital Fortress,58.0,5,5,Fiction,BooksToScrape
"Death Note, Vol. 5: Whiteout (Death Note #5)",52.41,1,5,Sequential Art,BooksToScrape
"Data, A Love Story: How I Gamed Online Dating to Meet My Match",32.35,3,5,Nonfiction,BooksToScrape
Critique of Pure Reason,20.75,1,5,Philosophy,BooksToScrape
Booked,17.49,5,5,Poetry,BooksToScrape
"Blue Lily, Lily Blue (The Raven Cycle #3)",34.13,5,5,Default,BooksToScrape
Approval Junkie: Adventures in Caring Too Much,58.81,5,5,Autobiography,BooksToScrape
An Abundance of Katherines,10.0,5,5,Young Adult,BooksToScrape
America's War for the Greater Middle East: A Military History,51.22,2,5,History,BooksToScrape
Alight (The Generations Trilogy #2),58.59,4,5,Default,BooksToScrape
A Girl's Guide to Moving On (New Beginnings #2),31.3,1,5,Romance,BooksToScrape
A Game of Thrones (A Song of Ice and Fire #1),46.42,2,5,Add a comment,BooksToScrape
A Feast for Crows (A Song of Ice and Fire #4),17.21,4,5,Fantasy,BooksToScrape
A Clash of Kings (A Song of Ice and Fire #2),10.79,3,5,Add a comment,BooksToScrape
Vogue Colors A to Z: A Fashion Coloring Book,52.35,4,4,Default,BooksToScrape
The Shining (The Shining #1),27.88,3,4,Default,BooksToScrape
The Pilgrim's Progress,50.26,2,4,Classics,BooksToScrape
The Perfect Play (Play by Play #1),59.99,3,4,Romance,BooksToScrape
The Passion of Dolssa,28.32,5,4,Historical Fiction,BooksToScrape
The Jazz of Physics: The Secret Link Between Music and the Structure of the Universe,38.71,3,4,Nonfiction,BooksToScrape
The Hunger Games (The Hunger Games #1),29.85,5,4,Default,BooksToScrape
The Hound of the Baskervilles (Sherlock Holmes #5),14.82,2,4,Classics,BooksToScrape
The Gunning of America: Business and the Making of American Gun Culture,16.81,4,4,Nonfiction,BooksToScrape
The Geography of Bliss: One Grump's Search for the Happiest Places in the World,28.23,2,4,Nonfiction,BooksToScrape
The Demonists (Demonist #1),52.11,2,4,Fantasy,BooksToScrape
"The Demon Prince of Momochi House, Vol. 4 (The Demon Prince of Momochi House #4)",27.88,2,4,Sequential Art,BooksToScrape
The Bone Hunters (Lexy Vaughan & Steven Macaulay #2),59.71,3,4,Thriller,BooksToScrape
The Beast (Black Dagger Brotherhood #14),46.08,5,4,Fantasy,BooksToScrape
Some Women,13.73,5,4,Womens Fiction,BooksToScrape
Shopaholic Ties the Knot (Shopaholic #3),48.39,5,4,Womens Fiction,BooksToScrape
Paper and Fire (The Great Library #2),49.45,5,4,Fantasy,BooksToScrape
Outlander (Outlander #1),19.67,5,4,Default,BooksToScrape
"Orchestra of Exiles: The Story of Bronislaw Huberman, the Israel Philharmonic, and the One Thousand Jews He Saved from Nazi Horrors",12.36,3,4,Music,BooksToScrape
No One Here Gets Out Alive,20.02,5,4,Music,BooksToScrape
Night Shift (Night Shift #1-20),12.75,4,4,Horror,BooksToScrape
Needful Things,47.51,4,4,Horror,BooksToScrape
Mockingjay (The Hunger Games #3),20.44,4,4,Default,BooksToScrape
Misery,34.79,2,4,Horror,BooksToScrape
Little Women (Little Women #1),28.07,4,4,Classics,BooksToScrape
It,25.01,3,4,Horror,BooksToScrape
Harry Potter and the Sorcerer's Stone (Harry Potter #1),13.9,3,4,Default,BooksToScrape
Harry Potter and the Prisoner of Azkaban (Harry Potter #3),24.17,4,4,Young Adult,BooksToScrape
Harry Potter and the Order of the Phoenix (Harry Potter #5),31.63,4,4,Fantasy,BooksToScrape
Harry Potter and the Half-Blood Prince (Harry Potter #6),48.75,5,4,Fantasy,BooksToScrape
Harry Potter and the Chamber of Secrets (Harry Potter #2),14.74,1,4,Fantasy,BooksToScrape
Gone with the Wind,32.49,3,4,Classics,BooksToScrape
God Is Not Great: How Religion Poisons Everything,27.8,1,4,Nonfiction,BooksToScrape
Girl With a Pearl Earring,26.77,1,4,Historical Fiction,BooksToScrape
"Fruits Basket, Vol. 4 (Fruits Basket #4)",50.44,4,4,Sequential Art,BooksToScrape
Far From True (Promise Falls Trilogy #2),34.93,2,4,Thriller,BooksToScrape
Dark Lover (Black Dagger Brotherhood #1),12.87,1,4,Romance,BooksToScrape
Confessions of a Shopaholic (Shopaholic #1),48.94,2,4,Default,BooksToScrape
Changing the Game (Play by Play #2),13.38,3,4,Romance,BooksToScrape
Candide,58.63,3,4,Classics,BooksToScrape
Can You Keep a Secret?,21.94,1,4,Womens Fiction,BooksToScrape
Atlas Shrugged,26.58,5,4,Fiction,BooksToScrape
Animal Farm,57.22,3,4,Classics,BooksToScrape
A Walk to Remember,56.43,1,4,Romance,BooksToScrape
A New Earth: Awakening to Your Life's Purpose,55.65,5,4,Spirituality,BooksToScrape
"A History of God: The 4,000-Year Quest of Judaism, Christianity, and Islam",27.62,1,4,Religion,BooksToScrape
'Salem's Lot,49.56,4,4,Horror,BooksToScrape
Zero History (Blue Ant #3),34.77,1,3,Default,BooksToScrape
Wuthering Heights,17.73,3,3,Classics,BooksToScrape
World War Z: An Oral History of the Zombie War,21.8,1,3,Default,BooksToScrape
Wild: From Lost to Found on the Pacific Crest Trail,46.02,3,3,Default,BooksToScrape
"Where'd You Go, Bernadette",18.13,1,3,Default,BooksToScrape
When You Are Engulfed in Flames,30.89,5,3,Humor,BooksToScrape
We the People: The Modern-Day Figures Who Have Reshaped and Affirmed the Founding Fathers' Vision of America,31.95,3,3,Nonfiction,BooksToScrape
We Are All Completely Beside Ourselves,24.04,1,3,Contemporary,BooksToScrape
Walk the Edge (Thunder Road #2),32.36,3,3,Young Adult,BooksToScrape
Voyager (Outlander #3),21.07,5,3,Historical Fiction,BooksToScrape
Very Good Lives: The Fringe Benefits of Failure and the Importance of Imagination,50.66,3,3,Nonfiction,BooksToScrape
Vegan Vegetarian Omnivore: Dinner for Everyone at the Table,13.66,2,3,Food and Drink,BooksToScrape
"Unstuffed: Decluttering Your Home, Mind, and Soul",58.09,1,3,Nonfiction,BooksToScrape
Under the Banner of Heaven: A Story of Violent Faith,30.0,1,3,Nonfiction,BooksToScrape
Two Boys Kissing,32.74,2,3,Young Adult,BooksToScrape
Twilight (Twilight #1),41.93,2,3,Default,BooksToScrape
Twenties Girl,42.8,2,3,Womens Fiction,BooksToScrape
"Trespassing Across America: One Man's Epic, Never-Done-Before (and Sort of Illegal) Hike Across the Heartland",53.51,1,3,Nonfiction,BooksToScrape
Three-Martini Lunch,23.21,3,3,Fiction,BooksToScrape
"Thinking, Fast and Slow",21.14,1,3,Psychology,BooksToScrape
The Wild Robot,56.07,3,3,Childrens,BooksToScrape
"The Wicked + The Divine, Vol. 3: Commercial Suicide (The Wicked + The Divine)",14.41,3,3,Sequential Art,BooksToScrape
The Undomestic Goddess,45.75,4,3,Womens Fiction,BooksToScrape
The Travelers,15.77,1,3,Thriller,BooksToScrape
The Tipping Point: How Little Things Can Make a Big Difference,10.02,2,3,Add a comment,BooksToScrape
The Thing About Jellyfish,48.77,1,3,Childrens,BooksToScrape
The Stand,57.86,2,3,Horror,BooksToScrape
The Smitten Kitchen Cookbook,23.59,1,3,Food and Drink,BooksToScrape
The Silkworm (Cormoran Strike #2),23.05,5,3,Mystery,BooksToScrape
"The Sandman, Vol. 3: Dream Country (The Sandman (volumes) #3)",55.55,5,3,Sequential Art,BooksToScrape
The Rose & the Dagger (The Wrath and the Dawn #2),58.64,4,3,Fantasy,BooksToScrape
The Road to Little Dribbling: Adventures of an American in Britain (Notes From a Small Island #2),23.21,1,3,Travel,BooksToScrape
The Rise of Theodore Roosevelt (Theodore Roosevelt #1),42.57,3,3,Biography,BooksToScrape
The Restaurant at the End of the Universe (Hitchhiker's Guide to the Galaxy #2),10.92,1,3,Science Fiction,BooksToScrape
The Rest Is Noise: Listening to the Twentieth Century,34.77,1,3,Add a comment,BooksToScrape
The Red Tent,35.66,5,3,Historical Fiction,BooksToScrape
The Purpose Driven Life: What on Earth Am I Here for?,37.19,3,3,Add a comment,BooksToScrape
The Purest Hook (Second Circle Tattoos #3),12.25,1,3,Romance,BooksToScrape
The Picture of Dorian Gray,29.7,2,3,Classics,BooksToScrape
The Paris Wife,36.8,3,3,Default,BooksToScrape
The Obsession,45.43,1,3,Romance,BooksToScrape
The Nightingale,26.26,4,3,Fiction,BooksToScrape
The New Guy (and Other Senior Year Distractions),44.92,3,3,Young Adult,BooksToScrape
The Nanny Diaries (Nanny #1),52.53,5,3,Womens Fiction,BooksToScrape
The Name of God is Mercy,37.25,2,3,Nonfiction,BooksToScrape
The Maze Runner (The Maze Runner #1),20.93,1,3,Default,BooksToScrape
The Lover's Dictionary,58.09,2,3,Default,BooksToScrape
The Lonely Ones,43.59,5,3,Childrens,BooksToScrape
The Lean Startup: How Today's Entrepreneurs Use Continuous Innovation to Create Radically Successful Businesses,33.92,3,3,Business,BooksToScrape
The Last Painting of Sara de Vos,55.55,2,3,Historical Fiction,BooksToScrape
"The Land of 10,000 Madonnas",29.64,4,3,Young Adult,BooksToScrape
The Infinities,27.41,1,3,Fiction,BooksToScrape
The Husband's Secret,52.51,5,3,Fiction,BooksToScrape
The Hitchhiker's Guide to the Galaxy (Hitchhiker's Guide to the Galaxy #1),47.8,3,3,Add a comment,BooksToScrape
The Guns of August,14.54,2,3,History,BooksToScrape
The Guernsey Literary and Potato Peel Pie Society,49.53,1,3,Historical Fiction,BooksToScrape
The Goldfinch,43.58,3,3,Default,BooksToScrape
The Giver (The Giver Quartet #1),12.3,1,3,Default,BooksToScrape
The Girl with All the Gifts,49.47,3,3,Horror,BooksToScrape
The Girl Who Played with Fire (Millennium Trilogy #2),22.14,2,3,Default,BooksToScrape
The Girl Who Kicked the Hornet's Nest (Millennium Trilogy #3),57.48,1,3,Add a comment,BooksToScrape
The Exiled,43.45,3,3,Mystery,BooksToScrape
"The End of Faith: Religion, Terror, and the Future of Reason",22.13,4,3,Add a comment,BooksToScrape
"The Elegant Universe: Superstrings, Hidden Dimensions, and the Quest for the Ultimate Theory",13.03,4,3,Science,BooksToScrape
"The Disappearing Spoon: And Other True Tales of Madness, Love, and the History of the World from the Periodic Table of the Elements",57.35,5,3,Science,BooksToScrape
The Devil Wears Prada (The Devil Wears Prada #1),44.29,1,3,Womens Fiction,BooksToScrape
The Demon-Haunted World: Science as a Candle in the Dark,52.25,4,3,Default,BooksToScrape
The Day the Crayons Came Home (Crayons),26.33,5,3,Childrens,BooksToScrape
The Da Vinci Code (Robert Langdon #2),22.96,2,3,Fiction,BooksToScrape
The Cuckoo's Calling (Cormoran Strike #1),19.21,1,3,Mystery,BooksToScrape
The Complete Stories and Poems (The Works of Edgar Allan Poe [Cameo Edition]),26.78,4,3,Classics,BooksToScrape
The Complete Poems,41.32,5,3,Add a comment,BooksToScrape
The Catcher in the Rye,24.55,1,3,Add a comment,BooksToScrape
The Cat in the Hat (Beginner Books B-1),16.26,2,3,Childrens,BooksToScrape
The Case for Christ (Cases for Christianity),47.84,1,3,Add a comment,BooksToScrape
The Book Thief,53.49,2,3,Default,BooksToScrape
The Book of Basketball: The NBA According to The Sports Guy,44.84,5,3,Sports and Games,BooksToScrape
The Blind Side: Evolution of a Game,53.71,5,3,Add a comment,BooksToScrape
The Autobiography of Malcolm X,23.43,2,3,Default,BooksToScrape
"The Art of Simple Food: Notes, Lessons, and Recipes from a Delicious Revolution",34.32,3,3,Food and Drink,BooksToScrape
The Art of Fielding,22.1,1,3,Fiction,BooksToScrape
"Surely You're Joking, Mr. Feynman!: Adventures of a Curious Character",25.83,2,3,Science,BooksToScrape
Stiff: The Curious Lives of Human Cadavers,36.74,3,3,Nonfiction,BooksToScrape
Spilled Milk: Based on a True Story,49.51,1,3,Nonfiction,BooksToScrape
Something Borrowed (Darcy & Rachel #1),48.96,5,3,Womens Fiction,BooksToScrape
Something Blue (Darcy & Rachel #2),54.62,1,3,Womens Fiction,BooksToScrape
Soldier (Talon #3),24.72,2,3,Fantasy,BooksToScrape
Shopaholic & Baby (Shopaholic #5),46.45,2,3,Default,BooksToScrape
Seven Days in the Art World,52.33,2,3,Add a comment,BooksToScrape
Seven Brief Lessons on Physics,30.6,4,3,Science,BooksToScrape
Scarlet (The Lunar Chronicles #2),14.57,4,3,Young Adult,BooksToScrape
Sarah's Key,46.29,1,3,Add a comment,BooksToScrape
"Saga, Volume 3 (Saga (Collected Editions) #3)",21.57,5,3,Sequential Art,BooksToScrape
Running with Scissors,12.91,4,3,Autobiography,BooksToScrape
Rogue Lawyer (Rogue Lawyer #1),50.11,3,3,Add a comment,BooksToScrape
"Rise of the Rocket Girls: The Women Who Propelled Us, from Missiles to the Moon to Mars",41.67,4,3,Nonfiction,BooksToScrape
Rework,44.88,2,3,Business,BooksToScrape
Reservations for Two,11.1,3,3,Romance,BooksToScrape
Red: The True Story of Red Riding Hood,28.54,3,3,Childrens,BooksToScrape
Ready Player One,19.07,4,3,Science Fiction,BooksToScrape
Quiet: The Power of Introverts in a World That Can't Stop Talking,43.55,1,3,Default,BooksToScrape
Prodigy: The Graphic Novel (Legend: The Graphic Novel #2),43.63,3,3,Sequential Art,BooksToScrape
Persepolis: The Story of a Childhood (Persepolis #1-2),39.13,1,3,Sequential Art,BooksToScrape
Packing for Mars: The Curious Science of Life in the Void,56.68,2,3,Default,BooksToScrape
Outliers: The Story of Success,14.16,1,3,Nonfiction,BooksToScrape
Original Fake,31.45,3,3,Sequential Art,BooksToScrape
Orange Is the New Black,24.61,2,3,Default,BooksToScrape
One for the Money (Stephanie Plum #1),32.87,2,3,Default,BooksToScrape
Notes from a Small Island (Notes From a Small Island #1),40.17,1,3,Nonfiction,BooksToScrape
Night (The Night Trilogy #1),13.51,1,3,Nonfiction,BooksToScrape
Neither Here nor There: Travels in Europe,38.95,3,3,Travel,BooksToScrape
Naked,31.69,3,3,Humor,BooksToScrape
Morning Star (Red Rising #3),29.4,1,3,Default,BooksToScrape
"Miracles from Heaven: A Little Girl, Her Journey to Heaven, and Her Amazing Story of Healing",57.83,1,3,Nonfiction,BooksToScrape
Midnight Riot (Peter Grant/ Rivers of London - books #1),55.46,2,3,Fantasy,BooksToScrape
Me Talk Pretty One Day,57.6,2,3,Autobiography,BooksToScrape
Manuscript Found in Accra,34.98,2,3,Add a comment,BooksToScrape
Lust & Wonder,11.87,2,3,Autobiography,BooksToScrape
Lila (Gilead #3),12.47,3,3,Fiction,BooksToScrape
"Life, the Universe and Everything (Hitchhiker's Guide to the Galaxy #3)",33.26,2,3,Science Fiction,BooksToScrape
Life Without a Recipe,59.04,5,3,Autobiography,BooksToScrape
Life After Life,26.13,2,3,Default,BooksToScrape
Letter to a Christian Nation,22.2,1,3,Nonfiction,BooksToScrape
Let's Pretend This Never Happened: A Mostly True Memoir,45.11,1,3,Nonfiction,BooksToScrape
Legend (Legend #1),43.69,4,3,Young Adult,BooksToScrape
"Lean In: Women, Work, and the Will to Lead",25.02,1,3,Default,BooksToScrape
"Lamb: The Gospel According to Biff, Christ's Childhood Pal",55.5,5,3,Humor,BooksToScrape
Lady Renegades (Rebel Belle #3),53.04,5,3,Young Adult,BooksToScrape
Jurassic Park (Jurassic Park #1),44.97,1,3,Fiction,BooksToScrape
It's Never Too Late to Begin Again: Discovering Creativity and Meaning at Midlife and Beyond,42.38,1,3,Nonfiction,BooksToScrape
Is Everyone Hanging Out Without Me? (And Other Concerns),20.11,3,3,Default,BooksToScrape
Into the Wild,56.7,5,3,Nonfiction,BooksToScrape
Inferno (Robert Langdon #4),41.0,5,3,Fiction,BooksToScrape
"In the Garden of Beasts: Love, Terror, and an American Family in Hitler's Berlin",28.85,3,3,Nonfiction,BooksToScrape
If I Run (If I Run #1),49.97,4,3,Christian Fiction,BooksToScrape
I've Got Your Number,19.69,1,3,Womens Fiction,BooksToScrape
I Am Malala: The Girl Who Stood Up for Education and Was Shot by the Taliban,28.88,2,3,Nonfiction,BooksToScrape
Hungry Girl Clean & Hungry: Easy All-Natural Recipes for Healthy Eating in the Real World,33.14,3,3,Food and Drink,BooksToScrape
"House of Lost Worlds: Dinosaurs, Dynasties, and the Story of Life on Earth",43.7,2,3,History,BooksToScrape
House of Leaves,54.89,1,3,Horror,BooksToScrape
Horrible Bear!,37.52,2,3,Childrens,BooksToScrape
Holidays on Ice,51.07,2,3,Humor,BooksToScrape
Heir to the Sky,44.07,4,3,Fantasy,BooksToScrape
Green Eggs and Ham (Beginner Books B-16),10.79,4,3,Childrens,BooksToScrape
"Grayson, Vol 3: Nemesis (Grayson #3)",42.72,1,3,Sequential Art,BooksToScrape
Gratitude,26.66,5,3,Nonfiction,BooksToScrape
Gone Girl,37.6,5,3,Default,BooksToScrape
Golden (Heart of Dread #3),42.21,4,3,Young Adult,BooksToScrape
Girl in the Blue Coat,46.83,2,3,Historical Fiction,BooksToScrape
"Fruits Basket, Vol. 3 (Fruits Basket #3)",45.17,2,3,Sequential Art,BooksToScrape
"Friday Night Lights: A Town, a Team, and a Dream",51.22,3,3,Sports and Games,BooksToScrape
Fire Bound (Sea Haven/Sisters of the Heart #5),21.28,4,3,Add a comment,BooksToScrape
Fifty Shades Freed (Fifty Shades #3),15.36,5,3,Adult Fiction,BooksToScrape
Fellside,38.62,1,3,Default,BooksToScrape
Extreme Prey (Lucas Davenport #26),25.4,3,3,Mystery,BooksToScrape
Eragon (The Inheritance Cycle #1),43.87,3,3,Fantasy,BooksToScrape
Eclipse (Twilight #3),18.74,1,3,Default,BooksToScrape
Dune (Dune #1),54.86,1,3,Science Fiction,BooksToScrape
Dracula,52.62,3,3,Default,BooksToScrape
Do Androids Dream of Electric Sheep? (Blade Runner #1),51.48,1,3,Science Fiction,BooksToScrape
Disrupted: My Misadventure in the Start-Up Bubble,15.28,5,3,Nonfiction,BooksToScrape
Dead Wake: The Last Crossing of the Lusitania,39.24,5,3,Default,BooksToScrape
"David and Goliath: Underdogs, Misfits, and the Art of Battling Giants",17.81,1,3,Default,BooksToScrape
Darkfever (Fever #1),56.02,1,3,Fantasy,BooksToScrape
Dark Places,23.9,5,3,Default,BooksToScrape
Crazy Rich Asians (Crazy Rich Asians #1),49.13,5,3,Fiction,BooksToScrape
Counting Thyme,10.62,1,3,Childrens,BooksToScrape
Cosmos,36.17,2,3,Add a comment,BooksToScrape
Civilization and Its Discontents,59.95,2,3,Psychology,BooksToScrape
Cinder (The Lunar Chronicles #1),26.09,1,3,Young Adult,BooksToScrape
Catastrophic Happiness: Finding Joy in Childhood's Messy Years,37.35,2,3,Parenting,BooksToScrape
Career of Evil (Cormoran Strike #3),24.72,2,3,Mystery,BooksToScrape
Breaking Dawn (Twilight #4),35.28,5,3,Default,BooksToScrape
Brave Enough,51.32,5,3,Nonfiction,BooksToScrape
Boy Meets Boy,21.12,3,3,Young Adult,BooksToScrape
"Born to Run: A Hidden Tribe, Superathletes, and the Greatest Race the World Has Never Seen",27.35,2,3,Nonfiction,BooksToScrape
Blink: The Power of Thinking Without Thinking,21.74,5,3,Nonfiction,BooksToScrape
Black Flags: The Rise of ISIS,40.87,1,3,Nonfiction,BooksToScrape
"Black Butler, Vol. 1 (Black Butler #1)",49.31,1,3,Sequential Art,BooksToScrape
Big Little Lies,22.11,1,3,Fiction,BooksToScrape
Between Shades of Gray,20.79,5,3,Historical Fiction,BooksToScrape
Best of My Love (Fool's Gold #20),27.41,2,3,Romance,BooksToScrape
Beowulf,38.35,2,3,Classics,BooksToScrape
Beautiful Creatures (Caster Chronicles #1),21.55,5,3,Default,BooksToScrape
Awkward,38.02,2,3,Sequential Art,BooksToScrape
Ash,22.06,4,3,Fantasy,BooksToScrape
Are We There Yet?,10.66,3,3,Childrens,BooksToScrape
Are We Smart Enough to Know How Smart Animals Are?,56.58,1,3,Nonfiction,BooksToScrape
Annie on My Mind,36.83,5,3,Young Adult,BooksToScrape
And Then There Were None,35.01,2,3,Classics,BooksToScrape
A Walk in the Woods: Rediscovering America on the Appalachian Trail,30.48,4,3,Nonfiction,BooksToScrape
A Visit from the Goon Squad,14.08,5,3,Default,BooksToScrape
A Storm of Swords (A Song of Ice and Fire #3),31.22,2,3,Fantasy,BooksToScrape
A Heartbreaking Work of Staggering Genius,54.29,5,3,Autobiography,BooksToScrape
8 Keys to Mental Health Through Exercise,31.04,1,3,Psychology,BooksToScrape
#GIRLBOSS,50.96,1,3,Add a comment,BooksToScrape
"The Suffragettes (Little Black Classics, #96)",11.89,2,2,Nonfiction,BooksToScrape
The Sense of an Ending,31.38,3,2,Add a comment,BooksToScrape
"The Sandman, Vol. 2: The Doll's House (The Sandman (volumes) #2)",54.81,1,2,Sequential Art,BooksToScrape
The Course of Love,16.78,3,2,Fiction,BooksToScrape
Sugar Rush (Offensive Line #2),24.42,1,2,Sports and Games,BooksToScrape
"Saga, Volume 2 (Saga (Collected Editions) #2)",11.75,3,2,Sequential Art,BooksToScrape
"Run, Spot, Run: The Ethics of Keeping Pets",20.02,1,2,Philosophy,BooksToScrape
New Moon (Twilight #2),12.86,4,2,Young Adult,BooksToScrape
Life,31.58,5,2,Music,BooksToScrape
Kindle Paperwhite User's Guide,34.0,3,2,Nonfiction,BooksToScrape
H is for Hawk,57.42,5,2,Nonfiction,BooksToScrape
Girl Online On Tour (Girl Online #2),53.47,1,2,Young Adult,BooksToScrape
"Fruits Basket, Vol. 2 (Fruits Basket #2)",11.64,5,2,Sequential Art,BooksToScrape
Diary of a Minecraft Zombie Book 1: A Scare of a Dare (An Unofficial Minecraft Book),52.88,4,2,Childrens,BooksToScrape
"Y: The Last Man, Vol. 1: Unmanned (Y: The Last Man #1)",18.51,4,1,Sequential Art,BooksToScrape
While You Were Mine,41.32,5,1,Historical Fiction,BooksToScrape
Where Lightning Strikes (Bleeding Stars #3),39.77,3,1,Romance,BooksToScrape
When I'm Gone,51.96,3,1,Fiction,BooksToScrape
Ways of Seeing,39.51,5,1,Art,BooksToScrape
"Vampire Knight, Vol. 1 (Vampire Knight #1)",15.4,1,1,Paranormal,BooksToScrape
Vampire Girl (Vampire Girl #1),53.82,2,1,Fantasy,BooksToScrape
Twenty Love Poems and a Song of Despair,30.95,4,1,Poetry,BooksToScrape
Travels with Charley: In Search of America,57.82,5,1,Nonfiction,BooksToScrape
Three Wishes (River of Time: California #1),44.18,2,1,Science Fiction,BooksToScrape
This One Moment (Pushing Limits #1),48.71,1,1,Romance,BooksToScrape
The Zombie Room,19.69,5,1,Default,BooksToScrape
"The Wicked + The Divine, Vol. 1: The Faust Act (The Wicked + The Divine)",36.52,2,1,Sequential Art,BooksToScrape
The Tumor,41.56,5,1,Nonfiction,BooksToScrape
The Story of Hong Gildong,43.19,4,1,Classics,BooksToScrape
The Silent Wife,12.34,5,1,Fiction,BooksToScrape
The Silent Twin (Detective Jennifer Knight #3),36.25,3,1,Fantasy,BooksToScrape
The Selfish Gene,29.45,1,1,Science,BooksToScrape
The Secret Healer,34.56,3,1,Historical Fiction,BooksToScrape
"The Sandman, Vol. 1: Preludes and Nocturnes (The Sandman (volumes) #1)",54.12,3,1,Sequential Art,BooksToScrape
The Republic,33.78,3,1,Add a comment,BooksToScrape
The Odyssey,29.64,3,1,Add a comment,BooksToScrape
The No. 1 Ladies' Detective Agency (No. 1 Ladies' Detective Agency #1),57.7,4,1,Mystery,BooksToScrape
The Nicomachean Ethics,36.34,1,1,Philosophy,BooksToScrape
The Name of the Wind (The Kingkiller Chronicle #1),50.59,3,1,Default,BooksToScrape
The Mirror & the Maze (The Wrath and the Dawn #1.5),29.38,1,1,Fantasy,BooksToScrape
The Little Prince,45.42,2,1,Classics,BooksToScrape
The Light of the Fireflies,54.43,1,1,Add a comment,BooksToScrape
The Last Girl (The Dominion Trilogy #1),36.26,2,1,Science Fiction,BooksToScrape
The Iliad,16.16,1,1,Add a comment,BooksToScrape
The Hook Up (Game On #1),36.29,5,1,New Adult,BooksToScrape
The Haters,27.89,5,1,Young Adult,BooksToScrape
The Girl You Lost,12.29,5,1,Mystery,BooksToScrape
The Girl In The Ice (DCI Erika Foster #1),15.85,3,1,Mystery,BooksToScrape
The End of the Jesus Era (An Investigation #1),14.4,1,1,Nonfiction,BooksToScrape
The Edge of Reason (Bridget Jones #2),19.18,4,1,Womens Fiction,BooksToScrape
The Complete Maus (Maus #1-2),10.64,3,1,Sequential Art,BooksToScrape
The Communist Manifesto,14.76,3,1,Add a comment,BooksToScrape
The Bhagavad Gita,57.49,3,1,Religion,BooksToScrape
The Bette Davis Club,30.66,3,1,Fiction,BooksToScrape
The Art of Not Breathing,40.83,4,1,Young Adult,BooksToScrape
Taking Shots (Assassins #1),18.88,2,1,Default,BooksToScrape
Starlark,25.83,3,1,Historical Fiction,BooksToScrape
"Skip Beat!, Vol. 01 (Skip Beat! #1)",42.12,3,1,Sequential Art,BooksToScrape
Sister Sable (The Mad Queen #1),13.33,3,1,Fantasy,BooksToScrape
Shatter Me (Shatter Me #1),42.4,1,1,Default,BooksToScrape
Shameless,58.35,3,1,New Adult,BooksToScrape
Shadow Rites (Jane Yellowrock #10),21.72,4,1,Fantasy,BooksToScrape
Settling the Score (The Summer Games #1),44.91,2,1,Sports and Games,BooksToScrape
Sense and Sensibility,37.46,1,1,Classics,BooksToScrape
"Saga, Volume 1 (Saga (Collected Editions) #1)",28.48,1,1,Sequential Art,BooksToScrape
"Rhythm, Chord & Malykhin",28.34,2,1,Romance,BooksToScrape
"Rat Queens, Vol. 1: Sass & Sorcery (Rat Queens (Collected Editions) #1-5)",46.96,5,1,Sequential Art,BooksToScrape
Paradise Lost (Paradise #1),24.96,1,1,Default,BooksToScrape
"Paper Girls, Vol. 1 (Paper Girls #1-5)",21.71,4,1,Sequential Art,BooksToScrape
"Ouran High School Host Club, Vol. 1 (Ouran High School Host Club #1)",29.87,3,1,Sequential Art,BooksToScrape
Origins (Alphas 0.5),28.99,1,1,Fantasy,BooksToScrape
One Second (Seven #7),52.94,2,1,Fantasy,BooksToScrape
On the Road (Duluoz Legend),32.36,3,1,Default,BooksToScrape
Old Records Never Die: One Man's Quest for His Vinyl and His Past,55.66,2,1,Music,BooksToScrape
Off Sides (Off #1),39.45,5,1,New Adult,BooksToScrape
Of Mice and Men,47.11,2,1,Classics,BooksToScrape
Myriad (Prentor #1),58.75,4,1,Fantasy,BooksToScrape
My Perfect Mistake (Over the Top #1),38.92,2,1,Romance,BooksToScrape
"Ms. Marvel, Vol. 1: No Normal (Ms. Marvel (2014-2015) #1)",39.39,4,1,Sequential Art,BooksToScrape
Meditations,25.89,2,1,Philosophy,BooksToScrape
Matilda,28.34,1,1,Childrens,BooksToScrape
Lost Among the Living,27.7,4,1,Historical Fiction,BooksToScrape
Lord of the Flies,24.89,3,1,Add a comment,BooksToScrape
Listen to Me (Fusion #1),58.99,3,1,Romance,BooksToScrape
Kitchens of the Great Midwest,57.2,5,1,Fiction,BooksToScrape
Jane Eyre,38.43,5,1,Default,BooksToScrape
Imperfect Harmony,34.74,4,1,Romance,BooksToScrape
Icing (Aces Hockey #2),40.44,4,1,Sports and Games,BooksToScrape
"Hawkeye, Vol. 1: My Life as a Weapon (Hawkeye #1)",45.24,3,1,Sequential Art,BooksToScrape
Having the Barbarian's Baby (Ice Planet Barbarians #7.5),34.96,4,1,Science Fiction,BooksToScrape
"Giant Days, Vol. 1 (Giant Days #1-4)",56.76,4,1,Sequential Art,BooksToScrape
"Fruits Basket, Vol. 1 (Fruits Basket #1)",40.28,5,1,Sequential Art,BooksToScrape
Frankenstein,38.0,2,1,Default,BooksToScrape
Forever Rockers (The Rocker #12),28.8,3,1,Music,BooksToScrape
Fighting Fate (Fighting #6),39.24,3,1,Romance,BooksToScrape
Emma,32.93,2,1,Classics,BooksToScrape
"Eat, Pray, Love",51.32,3,1,Nonfiction,BooksToScrape
Deep Under (Walker Security #1),47.09,5,1,Romance,BooksToScrape
Choosing Our Religion: The Spiritual Lives of America's Nones,28.42,4,1,Religion,BooksToScrape
Charlie and the Chocolate Factory (Charlie Bucket #1),22.85,3,1,Childrens,BooksToScrape
Charity's Cross (Charles Towne Belles #4),41.24,1,1,Romance,BooksToScrape
Bright Lines,39.07,5,1,Fiction,BooksToScrape
Bridget Jones's Diary (Bridget Jones #1),29.82,1,1,Womens Fiction,BooksToScrape
Bounty (Colorado Mountain #7),37.26,4,1,Romance,BooksToScrape
Blood Defense (Samantha Brinkman #1),20.3,3,1,Mystery,BooksToScrape
"Bleach, Vol. 1: Strawberry and the Soul Reapers (Bleach #1)",34.65,5,1,Sequential Art,BooksToScrape
Beyond Good and Evil,43.38,1,1,Philosophy,BooksToScrape
Alice in Wonderland (Alice's Adventures in Wonderland #1),55.53,1,1,Classics,BooksToScrape
"Ajin: Demi-Human, Volume 1 (Ajin: Demi-Human #1)",57.06,4,1,Sequential Art,BooksToScrape
A Spy's Devotion (The Regency Spies of London #1),16.97,5,1,Historical Fiction,BooksToScrape
1st to Die (Women's Murder Club #1),53.98,1,1,Mystery,BooksToScrape
"1,000 Places to See Before You Die",26.08,5,1,Travel,BooksToScrape
